{
  "sticker": {},
  "users": {
    "48729751112@s.whatsapp.net": {
      "vip": true,
      "afkTime": -1,
      "afkReason": "",
      "limit": 10200,
      "uang": 15300,
      "lastclaim": 1720772480134,
      "lastrampok": 1722006504001
    },
    "919485490229@s.whatsapp.net": {
      "vip": false,
      "afkTime": -1,
      "afkReason": "",
      "limit": 100,
      "uang": 3700,
      "lastclaim": 1720858312133,
      "lastrampok": 1720858312133
    },
    "918259849543@s.whatsapp.net": {
      "vip": false,
      "afkTime": -1,
      "afkReason": "",
      "limit": 100,
      "uang": 10000,
      "lastclaim": 1720874660017,
      "lastrampok": 1720874660017
    },
    "919366316018@s.whatsapp.net": {
      "vip": false,
      "afkTime": -1,
      "afkReason": "",
      "limit": 99,
      "uang": 10000,
      "lastclaim": 1721211348644,
      "lastrampok": 1721211348644
    },
    "917085760579@s.whatsapp.net": {
      "vip": false,
      "afkTime": -1,
      "afkReason": "",
      "limit": 100,
      "uang": 10000,
      "lastclaim": 1721214113519,
      "lastrampok": 1721214113519
    },
    "919637987574@s.whatsapp.net": {
      "vip": false,
      "afkTime": -1,
      "afkReason": "",
      "limit": 100,
      "uang": 10000,
      "lastclaim": 1721377428424,
      "lastrampok": 1721377428424
    },
    "916909004540@s.whatsapp.net": {
      "vip": false,
      "afkTime": -1,
      "afkReason": "",
      "limit": 100,
      "uang": 10000,
      "lastclaim": 1721816285401,
      "lastrampok": 1721816285401
    },
    "918787785653@s.whatsapp.net": {
      "vip": false,
      "afkTime": -1,
      "afkReason": "",
      "limit": 100,
      "uang": 10000,
      "lastclaim": 1721996874154,
      "lastrampok": 1721996874154
    },
    "96893320414@s.whatsapp.net": {
      "vip": false,
      "afkTime": -1,
      "afkReason": "",
      "limit": 100,
      "uang": 10000,
      "lastclaim": 1722002400026,
      "lastrampok": 1722002400026
    },
    "919402104403@s.whatsapp.net": {
      "vip": false,
      "afkTime": -1,
      "afkReason": "",
      "limit": 100,
      "uang": 10000,
      "lastclaim": 1722067903646,
      "lastrampok": 1722067903646
    },
    "916009259402@s.whatsapp.net": {
      "vip": false,
      "afkTime": -1,
      "afkReason": "",
      "limit": 110,
      "uang": 20100,
      "lastclaim": 1722266334036,
      "lastrampok": 1722104076772
    },
    "919862663200@s.whatsapp.net": {
      "vip": false,
      "afkTime": -1,
      "afkReason": "",
      "limit": 100,
      "uang": 10000,
      "lastclaim": 1722104766913,
      "lastrampok": 1722104766913
    },
    "971547442664@s.whatsapp.net": {
      "vip": false,
      "afkTime": -1,
      "afkReason": "",
      "limit": 100,
      "uang": 10090,
      "lastclaim": 1722177258924,
      "lastrampok": 1722177258924
    },
    "919233092990@s.whatsapp.net": {
      "vip": false,
      "afkTime": -1,
      "afkReason": "",
      "limit": 100,
      "uang": 10000,
      "lastclaim": 1722177270499,
      "lastrampok": 1722177270499
    },
    "918787683250@s.whatsapp.net": {
      "vip": false,
      "afkTime": -1,
      "afkReason": "",
      "limit": 100,
      "uang": 10000,
      "lastclaim": 1722177300909,
      "lastrampok": 1722177300910
    },
    "917085918552@s.whatsapp.net": {
      "vip": false,
      "afkTime": -1,
      "afkReason": "",
      "limit": 110,
      "uang": 20000,
      "lastclaim": 1722265022154,
      "lastrampok": 1722177367603
    },
    "919362215804@s.whatsapp.net": {
      "vip": false,
      "afkTime": -1,
      "afkReason": "",
      "limit": 100,
      "uang": 10000,
      "lastclaim": 1722178518452,
      "lastrampok": 1722178518452
    },
    "919362641613@s.whatsapp.net": {
      "vip": false,
      "afkTime": -1,
      "afkReason": "",
      "limit": 100,
      "uang": 10000,
      "lastclaim": 1722178519556,
      "lastrampok": 1722178519556
    },
    "918119948614@s.whatsapp.net": {
      "vip": false,
      "afkTime": -1,
      "afkReason": "",
      "limit": 100,
      "uang": 10000,
      "lastclaim": 1722178532165,
      "lastrampok": 1722178532165
    },
    "919366980137@s.whatsapp.net": {
      "vip": false,
      "afkTime": -1,
      "afkReason": "",
      "limit": 100,
      "uang": 10000,
      "lastclaim": 1722178535478,
      "lastrampok": 1722178535478
    },
    "916909153172@s.whatsapp.net": {
      "vip": false,
      "afkTime": -1,
      "afkReason": "",
      "limit": 100,
      "uang": 10000,
      "lastclaim": 1722178559185,
      "lastrampok": 1722178559185
    },
    "918787664669@s.whatsapp.net": {
      "vip": false,
      "afkTime": -1,
      "afkReason": "",
      "limit": 100,
      "uang": 10000,
      "lastclaim": 1722178574316,
      "lastrampok": 1722178574316
    },
    "919863817482@s.whatsapp.net": {
      "vip": false,
      "afkTime": -1,
      "afkReason": "",
      "limit": 100,
      "uang": 10000,
      "lastclaim": 1722178629561,
      "lastrampok": 1722178629561
    },
    "6589269601@s.whatsapp.net": {
      "vip": false,
      "afkTime": -1,
      "afkReason": "",
      "limit": 100,
      "uang": 10000,
      "lastclaim": 1722178694994,
      "lastrampok": 1722178694994
    },
    "918798798815@s.whatsapp.net": {
      "vip": false,
      "afkTime": -1,
      "afkReason": "",
      "limit": 100,
      "uang": 10000,
      "lastclaim": 1722178825639,
      "lastrampok": 1722178825639
    },
    "919366787352@s.whatsapp.net": {
      "vip": false,
      "afkTime": -1,
      "afkReason": "",
      "limit": 100,
      "uang": 10000,
      "lastclaim": 1722178866256,
      "lastrampok": 1722178866256
    },
    "917005228465@s.whatsapp.net": {
      "vip": false,
      "afkTime": -1,
      "afkReason": "",
      "limit": 100,
      "uang": 10000,
      "lastclaim": 1722178877690,
      "lastrampok": 1722178877690
    },
    "8801875441593@s.whatsapp.net": {
      "vip": false,
      "afkTime": -1,
      "afkReason": "",
      "limit": 100,
      "uang": 10000,
      "lastclaim": 1722178901342,
      "lastrampok": 1722178901342
    },
    "918415834576@s.whatsapp.net": {
      "vip": false,
      "afkTime": -1,
      "afkReason": "",
      "limit": 100,
      "uang": 10000,
      "lastclaim": 1722179938738,
      "lastrampok": 1722179938738
    },
    "919362595473@s.whatsapp.net": {
      "vip": false,
      "afkTime": -1,
      "afkReason": "",
      "limit": 100,
      "uang": 10000,
      "lastclaim": 1722180011845,
      "lastrampok": 1722180011845
    },
    "916909412800@s.whatsapp.net": {
      "vip": false,
      "afkTime": -1,
      "afkReason": "",
      "limit": 100,
      "uang": 10000,
      "lastclaim": 1722180060388,
      "lastrampok": 1722180060388
    },
    "919383076742@s.whatsapp.net": {
      "vip": false,
      "afkTime": -1,
      "afkReason": "",
      "limit": 100,
      "uang": 10998,
      "lastclaim": 1722180066228,
      "lastrampok": 1722180066228
    },
    "918731037357@s.whatsapp.net": {
      "vip": false,
      "afkTime": -1,
      "afkReason": "",
      "limit": 100,
      "uang": 10000,
      "lastclaim": 1722180148595,
      "lastrampok": 1722180148595
    },
    "916909502984@s.whatsapp.net": {
      "vip": false,
      "afkTime": -1,
      "afkReason": "",
      "limit": 100,
      "uang": 10000,
      "lastclaim": 1722180166645,
      "lastrampok": 1722180166645
    },
    "917085753545@s.whatsapp.net": {
      "vip": false,
      "afkTime": -1,
      "afkReason": "",
      "limit": 100,
      "uang": 10000,
      "lastclaim": 1722180187986,
      "lastrampok": 1722180187986
    },
    "916909355026@s.whatsapp.net": {
      "vip": false,
      "afkTime": -1,
      "afkReason": "",
      "limit": 100,
      "uang": 10000,
      "lastclaim": 1722180210295,
      "lastrampok": 1722180210295
    },
    "919233669089@s.whatsapp.net": {
      "vip": false,
      "afkTime": -1,
      "afkReason": "",
      "limit": 100,
      "uang": 10000,
      "lastclaim": 1722180214505,
      "lastrampok": 1722180214505
    },
    "919233088767@s.whatsapp.net": {
      "vip": false,
      "afkTime": -1,
      "afkReason": "",
      "limit": 100,
      "uang": 10000,
      "lastclaim": 1722180222538,
      "lastrampok": 1722180222538
    },
    "919774520523@s.whatsapp.net": {
      "vip": false,
      "afkTime": -1,
      "afkReason": "",
      "limit": 100,
      "uang": 10000,
      "lastclaim": 1722180415719,
      "lastrampok": 1722180415719
    },
    "916909294025@s.whatsapp.net": {
      "vip": false,
      "afkTime": -1,
      "afkReason": "",
      "limit": 100,
      "uang": 10000,
      "lastclaim": 1722180432780,
      "lastrampok": 1722180432780
    },
    "917005436907@s.whatsapp.net": {
      "vip": false,
      "afkTime": -1,
      "afkReason": "",
      "limit": 100,
      "uang": 10000,
      "lastclaim": 1722180611152,
      "lastrampok": 1722180611152
    },
    "918798759150@s.whatsapp.net": {
      "vip": false,
      "afkTime": -1,
      "afkReason": "",
      "limit": 100,
      "uang": 9001,
      "lastclaim": 1722184269629,
      "lastrampok": 1722184269629
    },
    "918787723629@s.whatsapp.net": {
      "vip": false,
      "afkTime": -1,
      "afkReason": "",
      "limit": 100,
      "uang": 10000,
      "lastclaim": 1722197755142,
      "lastrampok": 1722197755142
    },
    "918794526920@s.whatsapp.net": {
      "vip": false,
      "afkTime": -1,
      "afkReason": "",
      "limit": 100,
      "uang": 10000,
      "lastclaim": 1722260159545,
      "lastrampok": 1722260159545
    },
    "919362629740@s.whatsapp.net": {
      "vip": false,
      "afkTime": -1,
      "afkReason": "",
      "limit": 100,
      "uang": 10000,
      "lastclaim": 1722260572298,
      "lastrampok": 1722260572298
    },
    "916909488127@s.whatsapp.net": {
      "vip": false,
      "afkTime": -1,
      "afkReason": "",
      "limit": 100,
      "uang": 10000,
      "lastclaim": 1722260620705,
      "lastrampok": 1722260620705
    },
    "918414883535@s.whatsapp.net": {
      "vip": false,
      "afkTime": -1,
      "afkReason": "",
      "limit": 100,
      "uang": 10000,
      "lastclaim": 1722260791710,
      "lastrampok": 1722260791710
    },
    "918798505334@s.whatsapp.net": {
      "vip": false,
      "afkTime": -1,
      "afkReason": "",
      "limit": 100,
      "uang": 10001,
      "lastclaim": 1722261410159,
      "lastrampok": 1722261410160
    },
    "96894301272@s.whatsapp.net": {
      "vip": false,
      "afkTime": -1,
      "afkReason": "",
      "limit": 100,
      "uang": 11000,
      "lastclaim": 1722261671864,
      "lastrampok": 1722261671864
    },
    "917629864856@s.whatsapp.net": {
      "vip": false,
      "afkTime": -1,
      "afkReason": "",
      "limit": 100,
      "uang": 10000,
      "lastclaim": 1722261923083,
      "lastrampok": 1722261923083
    },
    "918787548337@s.whatsapp.net": {
      "vip": false,
      "afkTime": -1,
      "afkReason": "",
      "limit": 100,
      "uang": 10000,
      "lastclaim": 1722262006411,
      "lastrampok": 1722262006411
    },
    "918731905716@s.whatsapp.net": {
      "vip": false,
      "afkTime": -1,
      "afkReason": "",
      "limit": 100,
      "uang": 10000,
      "lastclaim": 1722262213929,
      "lastrampok": 1722262213929
    },
    "918798315785@s.whatsapp.net": {
      "vip": false,
      "afkTime": -1,
      "afkReason": "",
      "limit": 100,
      "uang": 10000,
      "lastclaim": 1722262867986,
      "lastrampok": 1722262867986
    },
    "918256931545@s.whatsapp.net": {
      "vip": false,
      "afkTime": -1,
      "afkReason": "",
      "limit": 100,
      "uang": 10000,
      "lastclaim": 1722262912701,
      "lastrampok": 1722262912701
    },
    "919233733279@s.whatsapp.net": {
      "vip": false,
      "afkTime": -1,
      "afkReason": "",
      "limit": 100,
      "uang": 10000,
      "lastclaim": 1722263017398,
      "lastrampok": 1722263017398
    },
    "918798751883@s.whatsapp.net": {
      "vip": false,
      "afkTime": -1,
      "afkReason": "",
      "limit": 100,
      "uang": 10000,
      "lastclaim": 1722263324003,
      "lastrampok": 1722263324003
    },
    "919394988360@s.whatsapp.net": {
      "vip": false,
      "afkTime": -1,
      "afkReason": "",
      "limit": 100,
      "uang": 10000,
      "lastclaim": 1722264286507,
      "lastrampok": 1722264286507
    },
    "919863389349@s.whatsapp.net": {
      "vip": false,
      "afkTime": -1,
      "afkReason": "",
      "limit": 100,
      "uang": 10000,
      "lastclaim": 1722264371572,
      "lastrampok": 1722264371572
    },
    "916909140098@s.whatsapp.net": {
      "vip": false,
      "afkTime": -1,
      "afkReason": "",
      "limit": 100,
      "uang": 10000,
      "lastclaim": 1722264995023,
      "lastrampok": 1722264995023
    },
    "919362629395@s.whatsapp.net": {
      "vip": false,
      "afkTime": -1,
      "afkReason": "",
      "limit": 100,
      "uang": 9000,
      "lastclaim": 1722265785979,
      "lastrampok": 1722265785979
    },
    "918787322941@s.whatsapp.net": {
      "vip": false,
      "afkTime": -1,
      "afkReason": "",
      "limit": 100,
      "uang": 10000,
      "lastclaim": 1722266897989,
      "lastrampok": 1722266897989
    },
    "917710087769@s.whatsapp.net": {
      "vip": false,
      "afkTime": -1,
      "afkReason": "",
      "limit": 100,
      "uang": 10000,
      "lastclaim": 1722337809113,
      "lastrampok": 1722337809113
    },
    "919954341128@s.whatsapp.net": {
      "vip": false,
      "afkTime": -1,
      "afkReason": "",
      "limit": 100,
      "uang": 10000,
      "lastclaim": 1722348908225,
      "lastrampok": 1722348908225
    },
    "919033223539@s.whatsapp.net": {
      "vip": false,
      "afkTime": -1,
      "afkReason": "",
      "limit": 100,
      "uang": 10000,
      "lastclaim": 1722348975015,
      "lastrampok": 1722348975015
    },
    "919883705953@s.whatsapp.net": {
      "vip": false,
      "afkTime": -1,
      "afkReason": "",
      "limit": 100,
      "uang": 10000,
      "lastclaim": 1722349023135,
      "lastrampok": 1722349023135
    },
    "919777963040@s.whatsapp.net": {
      "vip": false,
      "afkTime": -1,
      "afkReason": "",
      "limit": 100,
      "uang": 10000,
      "lastclaim": 1722349082193,
      "lastrampok": 1722349082193
    },
    "918135813207@s.whatsapp.net": {
      "vip": false,
      "afkTime": -1,
      "afkReason": "",
      "limit": 100,
      "uang": 10000,
      "lastclaim": 1722349128026,
      "lastrampok": 1722349128026
    },
    "919383176224@s.whatsapp.net": {
      "vip": false,
      "afkTime": -1,
      "afkReason": "",
      "limit": 100,
      "uang": 10000,
      "lastclaim": 1722349589537,
      "lastrampok": 1722349589537
    },
    "919774377581@s.whatsapp.net": {
      "vip": false,
      "afkTime": -1,
      "afkReason": "",
      "limit": 100,
      "uang": 10000,
      "lastclaim": 1722349595295,
      "lastrampok": 1722349595295
    },
    "917980084627@s.whatsapp.net": {
      "vip": false,
      "afkTime": -1,
      "afkReason": "",
      "limit": 100,
      "uang": 10000,
      "lastclaim": 1722350488502,
      "lastrampok": 1722350488502
    },
    "919861494774@s.whatsapp.net": {
      "vip": false,
      "afkTime": -1,
      "afkReason": "",
      "limit": 100,
      "uang": 10000,
      "lastclaim": 1722350547494,
      "lastrampok": 1722350547494
    },
    "919435946956@s.whatsapp.net": {
      "vip": false,
      "afkTime": -1,
      "afkReason": "",
      "limit": 100,
      "uang": 10000,
      "lastclaim": 1722434365484,
      "lastrampok": 1722434365484
    },
    "919337998718@s.whatsapp.net": {
      "vip": false,
      "afkTime": -1,
      "afkReason": "",
      "limit": 100,
      "uang": 10000,
      "lastclaim": 1722442707453,
      "lastrampok": 1722442707453
    },
    "919366737014@s.whatsapp.net": {
      "vip": false,
      "afkTime": -1,
      "afkReason": "",
      "limit": 100,
      "uang": 10000,
      "lastclaim": 1722442910263,
      "lastrampok": 1722442910263
    },
    "919083644191@s.whatsapp.net": {
      "vip": false,
      "afkTime": -1,
      "afkReason": "",
      "limit": 100,
      "uang": 10000,
      "lastclaim": 1722444952163,
      "lastrampok": 1722444952163
    },
    "916001337012@s.whatsapp.net": {
      "vip": false,
      "afkTime": -1,
      "afkReason": "",
      "limit": 100,
      "uang": 10000,
      "lastclaim": 1722446576998,
      "lastrampok": 1722446576998
    },
    "919931122319@s.whatsapp.net": {
      "vip": false,
      "afkTime": -1,
      "afkReason": "",
      "limit": 100,
      "uang": 10000,
      "lastclaim": 1722454534073,
      "lastrampok": 1722454534073
    },
    "919654934474@s.whatsapp.net": {
      "vip": false,
      "afkTime": -1,
      "afkReason": "",
      "limit": 100,
      "uang": 10000,
      "lastclaim": 1722504482097,
      "lastrampok": 1722504482097
    },
    "918414870977@s.whatsapp.net": {
      "vip": false,
      "afkTime": -1,
      "afkReason": "",
      "limit": 100,
      "uang": 10000,
      "lastclaim": 1722506942629,
      "lastrampok": 1722506942629
    },
    "923458036679@s.whatsapp.net": {
      "vip": false,
      "afkTime": -1,
      "afkReason": "",
      "limit": 100,
      "uang": 10000,
      "lastclaim": 1722514034248,
      "lastrampok": 1722514034248
    },
    "918754741307@s.whatsapp.net": {
      "vip": false,
      "afkTime": -1,
      "afkReason": "",
      "limit": 100,
      "uang": 10000,
      "lastclaim": 1722514391455,
      "lastrampok": 1722514391455
    },
    "256751330834@s.whatsapp.net": {
      "vip": false,
      "afkTime": -1,
      "afkReason": "",
      "limit": 100,
      "uang": 10000,
      "lastclaim": 1722517117007,
      "lastrampok": 1722517117007
    },
    "923471462871@s.whatsapp.net": {
      "vip": false,
      "afkTime": -1,
      "afkReason": "",
      "limit": 100,
      "uang": 10000,
      "lastclaim": 1722517286481,
      "lastrampok": 1722517286481
    },
    "923184235478@s.whatsapp.net": {
      "vip": false,
      "afkTime": -1,
      "afkReason": "",
      "limit": 100,
      "uang": 10000,
      "lastclaim": 1722517308708,
      "lastrampok": 1722517308708
    },
    "919995913461@s.whatsapp.net": {
      "vip": false,
      "afkTime": -1,
      "afkReason": "",
      "limit": 100,
      "uang": 10000,
      "lastclaim": 1722517833167,
      "lastrampok": 1722517833167
    },
    "923430205459@s.whatsapp.net": {
      "vip": false,
      "afkTime": -1,
      "afkReason": "",
      "limit": 100,
      "uang": 10000,
      "lastclaim": 1722518893515,
      "lastrampok": 1722518893515
    },
    "256704751767@s.whatsapp.net": {
      "vip": false,
      "afkTime": -1,
      "afkReason": "",
      "limit": 100,
      "uang": 10000,
      "lastclaim": 1722519137445,
      "lastrampok": 1722519137445
    },
    "918327218922@s.whatsapp.net": {
      "vip": false,
      "afkTime": -1,
      "afkReason": "",
      "limit": 100,
      "uang": 10000,
      "lastclaim": 1722519150957,
      "lastrampok": 1722519150957
    },
    "923489745053@s.whatsapp.net": {
      "vip": false,
      "afkTime": -1,
      "afkReason": "",
      "limit": 100,
      "uang": 10000,
      "lastclaim": 1722522004440,
      "lastrampok": 1722522004440
    },
    "2349076727007@s.whatsapp.net": {
      "vip": false,
      "afkTime": -1,
      "afkReason": "",
      "limit": 100,
      "uang": 10000,
      "lastclaim": 1722523902485,
      "lastrampok": 1722523902485
    },
    "923369173441@s.whatsapp.net": {
      "vip": false,
      "afkTime": -1,
      "afkReason": "",
      "limit": 100,
      "uang": 10000,
      "lastclaim": 1722524263919,
      "lastrampok": 1722524263919
    },
    "2347042482256@s.whatsapp.net": {
      "vip": false,
      "afkTime": -1,
      "afkReason": "",
      "limit": 100,
      "uang": 10000,
      "lastclaim": 1722525166392,
      "lastrampok": 1722525166392
    },
    "923280643725@s.whatsapp.net": {
      "vip": false,
      "afkTime": -1,
      "afkReason": "",
      "limit": 100,
      "uang": 10000,
      "lastclaim": 1722525428261,
      "lastrampok": 1722525428261
    },
    "254113825549@s.whatsapp.net": {
      "vip": false,
      "afkTime": -1,
      "afkReason": "",
      "limit": 100,
      "uang": 10000,
      "lastclaim": 1722527044677,
      "lastrampok": 1722527044677
    },
    "2348112884353@s.whatsapp.net": {
      "vip": false,
      "afkTime": -1,
      "afkReason": "",
      "limit": 100,
      "uang": 10000,
      "lastclaim": 1722528542536,
      "lastrampok": 1722528542536
    },
    "923414344575@s.whatsapp.net": {
      "vip": false,
      "afkTime": -1,
      "afkReason": "",
      "limit": 100,
      "uang": 10000,
      "lastclaim": 1722530249668,
      "lastrampok": 1722530249668
    },
    "923416162847@s.whatsapp.net": {
      "vip": false,
      "afkTime": -1,
      "afkReason": "",
      "limit": 100,
      "uang": 10000,
      "lastclaim": 1722536010504,
      "lastrampok": 1722536010505
    },
    "254735686069@s.whatsapp.net": {
      "vip": false,
      "afkTime": -1,
      "afkReason": "",
      "limit": 100,
      "uang": 10000,
      "lastclaim": 1722541317728,
      "lastrampok": 1722541317728
    },
    "923133664263@s.whatsapp.net": {
      "vip": false,
      "afkTime": -1,
      "afkReason": "",
      "limit": 100,
      "uang": 10000,
      "lastclaim": 1722581496873,
      "lastrampok": 1722581496873
    },
    "919612693537@s.whatsapp.net": {
      "vip": false,
      "afkTime": -1,
      "afkReason": "",
      "limit": 100,
      "uang": 10000,
      "lastclaim": 1722582643496,
      "lastrampok": 1722582643496
    },
    "923423640340@s.whatsapp.net": {
      "vip": false,
      "afkTime": -1,
      "afkReason": "",
      "limit": 100,
      "uang": 10000,
      "lastclaim": 1722582830475,
      "lastrampok": 1722582830475
    },
    "923236132603@s.whatsapp.net": {
      "vip": false,
      "afkTime": -1,
      "afkReason": "",
      "limit": 100,
      "uang": 10000,
      "lastclaim": 1722601669538,
      "lastrampok": 1722601669538
    },
    "923427776210@s.whatsapp.net": {
      "vip": false,
      "afkTime": -1,
      "afkReason": "",
      "limit": 100,
      "uang": 10000,
      "lastclaim": 1722662824991,
      "lastrampok": 1722662824991
    },
    "923437569044@s.whatsapp.net": {
      "vip": false,
      "afkTime": -1,
      "afkReason": "",
      "limit": 100,
      "uang": 10000,
      "lastclaim": 1722668197892,
      "lastrampok": 1722668197892
    },
    "919064331742@s.whatsapp.net": {
      "vip": false,
      "afkTime": -1,
      "afkReason": "",
      "limit": 100,
      "uang": 10000,
      "lastclaim": 1722671975248,
      "lastrampok": 1722671975248
    },
    "919556134736@s.whatsapp.net": {
      "vip": false,
      "afkTime": -1,
      "afkReason": "",
      "limit": 100,
      "uang": 10000,
      "lastclaim": 1722675048446,
      "lastrampok": 1722675048446
    },
    "919142294671@s.whatsapp.net": {
      "vip": false,
      "afkTime": -1,
      "afkReason": "",
      "limit": 100,
      "uang": 10000,
      "lastclaim": 1722675089356,
      "lastrampok": 1722675089356
    },
    "918287773410@s.whatsapp.net": {
      "vip": false,
      "afkTime": -1,
      "afkReason": "",
      "limit": 100,
      "uang": 10000,
      "lastclaim": 1722675108634,
      "lastrampok": 1722675108634
    },
    "919142556700@s.whatsapp.net": {
      "vip": false,
      "afkTime": -1,
      "afkReason": "",
      "limit": 100,
      "uang": 10000,
      "lastclaim": 1722675168529,
      "lastrampok": 1722675168529
    },
    "917005870409@s.whatsapp.net": {
      "vip": false,
      "afkTime": -1,
      "afkReason": "",
      "limit": 100,
      "uang": 10000,
      "lastclaim": 1722675244958,
      "lastrampok": 1722675244958
    },
    "919748711455@s.whatsapp.net": {
      "vip": false,
      "afkTime": -1,
      "afkReason": "",
      "limit": 100,
      "uang": 10000,
      "lastclaim": 1722675333290,
      "lastrampok": 1722675333290
    },
    "923124966238@s.whatsapp.net": {
      "vip": false,
      "afkTime": -1,
      "afkReason": "",
      "limit": 100,
      "uang": 10000,
      "lastclaim": 1722675375875,
      "lastrampok": 1722675375875
    },
    "919118510886@s.whatsapp.net": {
      "vip": false,
      "afkTime": -1,
      "afkReason": "",
      "limit": 100,
      "uang": 10000,
      "lastclaim": 1722675405534,
      "lastrampok": 1722675405534
    },
    "556596297654@s.whatsapp.net": {
      "vip": false,
      "afkTime": -1,
      "afkReason": "",
      "limit": 100,
      "uang": 10000,
      "lastclaim": 1722688606904,
      "lastrampok": 1722688606904
    },
    "639100746316@s.whatsapp.net": {
      "vip": false,
      "afkTime": -1,
      "afkReason": "",
      "limit": 100,
      "uang": 10000,
      "lastclaim": 1722689537764,
      "lastrampok": 1722689537764
    },
    "918336062203@s.whatsapp.net": {
      "vip": false,
      "afkTime": -1,
      "afkReason": "",
      "limit": 100,
      "uang": 10000,
      "lastclaim": 1722691920887,
      "lastrampok": 1722691920887
    },
    "917085528664@s.whatsapp.net": {
      "vip": false,
      "afkTime": -1,
      "afkReason": "",
      "limit": 100,
      "uang": 10000,
      "lastclaim": 1722693968569,
      "lastrampok": 1722693968569
    }
  },
  "groups": {
    "120363047626537933@g.us": {
      "ntsfw": false,
      "welcome": true,
      "setinfo": false,
      "badword": false,
      "antiforeignnum": false,
      "antibot": false,
      "antiviewonce": true,
      "antispam": false,
      "antivirtex": false,
      "antimedia": false,
      "antiimage": false,
      "antivideo": false,
      "antiaudio": false,
      "antipoll": false,
      "antisticker": false,
      "antilocation": false,
      "antidocument": false,
      "anticontact": false,
      "antilink": false,
      "antipromotion": false,
      "antidelete": true,
      "ntnsfw": true
    },
    "status@broadcast": {
      "ntsfw": false,
      "welcome": false,
      "setinfo": false,
      "badword": false,
      "antiforeignnum": false,
      "antibot": false,
      "antiviewonce": false,
      "antispam": false,
      "antivirtex": false,
      "antimedia": false,
      "antiimage": false,
      "antivideo": false,
      "antiaudio": false,
      "antipoll": false,
      "antisticker": false,
      "antilocation": false,
      "antidocument": false,
      "anticontact": false,
      "antilink": false,
      "antipromotion": false,
      "antidelete": true,
      "ntnsfw": false
    },
    "918259849543@s.whatsapp.net": {
      "ntsfw": false,
      "welcome": false,
      "setinfo": false,
      "badword": false,
      "antiforeignnum": false,
      "antibot": false,
      "antiviewonce": false,
      "antispam": false,
      "antivirtex": false,
      "antimedia": false,
      "antiimage": false,
      "antivideo": false,
      "antiaudio": false,
      "antipoll": false,
      "antisticker": false,
      "antilocation": false,
      "antidocument": false,
      "anticontact": false,
      "antilink": false,
      "antipromotion": false,
      "antidelete": true,
      "ntnsfw": false
    },
    "919366316018@s.whatsapp.net": {
      "ntsfw": false,
      "welcome": false,
      "setinfo": false,
      "badword": false,
      "antiforeignnum": false,
      "antibot": false,
      "antiviewonce": false,
      "antispam": false,
      "antivirtex": false,
      "antimedia": false,
      "antiimage": false,
      "antivideo": false,
      "antiaudio": false,
      "antipoll": false,
      "antisticker": false,
      "antilocation": false,
      "antidocument": false,
      "anticontact": false,
      "antilink": false,
      "antipromotion": false,
      "antidelete": true,
      "ntnsfw": false
    },
    "919485490229@s.whatsapp.net": {
      "ntsfw": false,
      "welcome": false,
      "setinfo": false,
      "badword": false,
      "antiforeignnum": false,
      "antibot": false,
      "antiviewonce": false,
      "antispam": false,
      "antivirtex": false,
      "antimedia": false,
      "antiimage": false,
      "antivideo": false,
      "antiaudio": false,
      "antipoll": false,
      "antisticker": false,
      "antilocation": false,
      "antidocument": false,
      "anticontact": false,
      "antilink": false,
      "antipromotion": false,
      "antidelete": true,
      "ntnsfw": false
    },
    "916909004540@s.whatsapp.net": {
      "ntsfw": false,
      "welcome": false,
      "setinfo": false,
      "badword": false,
      "antiforeignnum": false,
      "antibot": false,
      "antiviewonce": false,
      "antispam": false,
      "antivirtex": false,
      "antimedia": false,
      "antiimage": false,
      "antivideo": false,
      "antiaudio": false,
      "antipoll": false,
      "antisticker": false,
      "antilocation": false,
      "antidocument": false,
      "anticontact": false,
      "antilink": false,
      "antipromotion": false,
      "antidelete": true
    },
    "918974764127@s.whatsapp.net": {
      "ntsfw": false,
      "welcome": false,
      "setinfo": false,
      "badword": false,
      "antiforeignnum": false,
      "antibot": false,
      "antiviewonce": false,
      "antispam": false,
      "antivirtex": false,
      "antimedia": false,
      "antiimage": false,
      "antivideo": false,
      "antiaudio": false,
      "antipoll": false,
      "antisticker": false,
      "antilocation": false,
      "antidocument": false,
      "anticontact": false,
      "antilink": false,
      "antipromotion": false,
      "antidelete": true
    },
    "918787785653@s.whatsapp.net": {
      "ntsfw": false,
      "welcome": false,
      "setinfo": false,
      "badword": false,
      "antiforeignnum": false,
      "antibot": false,
      "antiviewonce": false,
      "antispam": false,
      "antivirtex": false,
      "antimedia": false,
      "antiimage": false,
      "antivideo": false,
      "antiaudio": false,
      "antipoll": false,
      "antisticker": false,
      "antilocation": false,
      "antidocument": false,
      "anticontact": false,
      "antilink": false,
      "antipromotion": false,
      "antidelete": true
    },
    "96893320414@s.whatsapp.net": {
      "ntsfw": false,
      "welcome": false,
      "setinfo": false,
      "badword": false,
      "antiforeignnum": false,
      "antibot": false,
      "antiviewonce": false,
      "antispam": false,
      "antivirtex": false,
      "antimedia": false,
      "antiimage": false,
      "antivideo": false,
      "antiaudio": false,
      "antipoll": false,
      "antisticker": false,
      "antilocation": false,
      "antidocument": false,
      "anticontact": false,
      "antilink": false,
      "antipromotion": false,
      "antidelete": true
    },
    "919402104403@s.whatsapp.net": {
      "ntsfw": false,
      "welcome": false,
      "setinfo": false,
      "badword": false,
      "antiforeignnum": false,
      "antibot": false,
      "antiviewonce": false,
      "antispam": false,
      "antivirtex": false,
      "antimedia": false,
      "antiimage": false,
      "antivideo": false,
      "antiaudio": false,
      "antipoll": false,
      "antisticker": false,
      "antilocation": false,
      "antidocument": false,
      "anticontact": false,
      "antilink": false,
      "antipromotion": false,
      "antidelete": true,
      "ntnsfw": false
    },
    "916009259402@s.whatsapp.net": {
      "ntsfw": false,
      "welcome": false,
      "setinfo": false,
      "badword": false,
      "antiforeignnum": false,
      "antibot": false,
      "antiviewonce": false,
      "antispam": false,
      "antivirtex": false,
      "antimedia": false,
      "antiimage": false,
      "antivideo": false,
      "antiaudio": false,
      "antipoll": false,
      "antisticker": false,
      "antilocation": false,
      "antidocument": false,
      "anticontact": false,
      "antilink": false,
      "antipromotion": false,
      "antidelete": true,
      "ntnsfw": false
    },
    "120363307286471892@g.us": {
      "ntsfw": false,
      "welcome": false,
      "setinfo": false,
      "badword": false,
      "antiforeignnum": false,
      "antibot": false,
      "antiviewonce": false,
      "antispam": false,
      "antivirtex": false,
      "antimedia": false,
      "antiimage": false,
      "antivideo": false,
      "antiaudio": false,
      "antipoll": false,
      "antisticker": false,
      "antilocation": false,
      "antidocument": false,
      "anticontact": false,
      "antilink": false,
      "antipromotion": false,
      "antidelete": true,
      "ntnsfw": false
    },
    "919862663200-1548879531@g.us": {
      "ntsfw": false,
      "welcome": false,
      "setinfo": false,
      "badword": false,
      "antiforeignnum": false,
      "antibot": false,
      "antiviewonce": false,
      "antispam": false,
      "antivirtex": false,
      "antimedia": false,
      "antiimage": false,
      "antivideo": false,
      "antiaudio": false,
      "antipoll": false,
      "antisticker": false,
      "antilocation": false,
      "antidocument": false,
      "anticontact": false,
      "antilink": false,
      "antipromotion": false,
      "antidelete": true
    },
    "120363291096093750@g.us": {
      "ntsfw": false,
      "welcome": false,
      "setinfo": false,
      "badword": false,
      "antiforeignnum": false,
      "antibot": false,
      "antiviewonce": false,
      "antispam": false,
      "antivirtex": false,
      "antimedia": false,
      "antiimage": false,
      "antivideo": false,
      "antiaudio": false,
      "antipoll": false,
      "antisticker": false,
      "antilocation": false,
      "antidocument": false,
      "anticontact": false,
      "antilink": false,
      "antipromotion": false,
      "antidelete": true,
      "ntnsfw": false
    },
    "8801875441593@s.whatsapp.net": {
      "ntsfw": false,
      "welcome": false,
      "setinfo": false,
      "badword": false,
      "antiforeignnum": false,
      "antibot": false,
      "antiviewonce": false,
      "antispam": false,
      "antivirtex": false,
      "antimedia": false,
      "antiimage": false,
      "antivideo": false,
      "antiaudio": false,
      "antipoll": false,
      "antisticker": false,
      "antilocation": false,
      "antidocument": false,
      "anticontact": false,
      "antilink": false,
      "antipromotion": false,
      "antidelete": true,
      "ntnsfw": false
    },
    "120363317827568256@g.us": {
      "ntsfw": false,
      "welcome": false,
      "setinfo": false,
      "badword": false,
      "antiforeignnum": false,
      "antibot": false,
      "antiviewonce": false,
      "antispam": false,
      "antivirtex": false,
      "antimedia": false,
      "antiimage": false,
      "antivideo": false,
      "antiaudio": false,
      "antipoll": false,
      "antisticker": false,
      "antilocation": false,
      "antidocument": false,
      "anticontact": false,
      "antilink": false,
      "antipromotion": false,
      "antidelete": true,
      "ntnsfw": false
    },
    "917085918552@s.whatsapp.net": {
      "ntsfw": false,
      "welcome": false,
      "setinfo": false,
      "badword": false,
      "antiforeignnum": false,
      "antibot": false,
      "antiviewonce": false,
      "antispam": false,
      "antivirtex": false,
      "antimedia": false,
      "antiimage": false,
      "antivideo": false,
      "antiaudio": false,
      "antipoll": false,
      "antisticker": false,
      "antilocation": false,
      "antidocument": false,
      "anticontact": false,
      "antilink": false,
      "antipromotion": false,
      "antidelete": true,
      "ntnsfw": false
    },
    "120363046332778104@g.us": {
      "ntsfw": false,
      "welcome": false,
      "setinfo": false,
      "badword": false,
      "antiforeignnum": false,
      "antibot": false,
      "antiviewonce": false,
      "antispam": false,
      "antivirtex": false,
      "antimedia": false,
      "antiimage": false,
      "antivideo": false,
      "antiaudio": false,
      "antipoll": false,
      "antisticker": false,
      "antilocation": false,
      "antidocument": false,
      "anticontact": false,
      "antilink": false,
      "antipromotion": false,
      "antidelete": true,
      "ntnsfw": false
    },
    "919654934474@s.whatsapp.net": {
      "ntsfw": false,
      "welcome": false,
      "setinfo": false,
      "badword": false,
      "antiforeignnum": false,
      "antibot": false,
      "antiviewonce": false,
      "antispam": false,
      "antivirtex": false,
      "antimedia": false,
      "antiimage": false,
      "antivideo": false,
      "antiaudio": false,
      "antipoll": false,
      "antisticker": false,
      "antilocation": false,
      "antidocument": false,
      "anticontact": false,
      "antilink": false,
      "antipromotion": false,
      "antidelete": true
    },
    "918414870977@s.whatsapp.net": {
      "ntsfw": false,
      "welcome": false,
      "setinfo": false,
      "badword": false,
      "antiforeignnum": false,
      "antibot": false,
      "antiviewonce": false,
      "antispam": false,
      "antivirtex": false,
      "antimedia": false,
      "antiimage": false,
      "antivideo": false,
      "antiaudio": false,
      "antipoll": false,
      "antisticker": false,
      "antilocation": false,
      "antidocument": false,
      "anticontact": false,
      "antilink": false,
      "antipromotion": false,
      "antidelete": true,
      "ntnsfw": false
    },
    "120363288164332808@g.us": {
      "ntsfw": false,
      "welcome": false,
      "setinfo": false,
      "badword": false,
      "antiforeignnum": false,
      "antibot": false,
      "antiviewonce": false,
      "antispam": false,
      "antivirtex": false,
      "antimedia": false,
      "antiimage": false,
      "antivideo": false,
      "antiaudio": false,
      "antipoll": false,
      "antisticker": false,
      "antilocation": false,
      "antidocument": false,
      "anticontact": false,
      "antilink": false,
      "antipromotion": false,
      "antidelete": true,
      "ntnsfw": false
    },
    "923350609099@s.whatsapp.net": {
      "ntsfw": false,
      "welcome": false,
      "setinfo": false,
      "badword": false,
      "antiforeignnum": false,
      "antibot": false,
      "antiviewonce": false,
      "antispam": false,
      "antivirtex": false,
      "antimedia": false,
      "antiimage": false,
      "antivideo": false,
      "antiaudio": false,
      "antipoll": false,
      "antisticker": false,
      "antilocation": false,
      "antidocument": false,
      "anticontact": false,
      "antilink": false,
      "antipromotion": false,
      "antidelete": true,
      "ntnsfw": false
    },
    "923058702185@s.whatsapp.net": {
      "ntsfw": false,
      "welcome": false,
      "setinfo": false,
      "badword": false,
      "antiforeignnum": false,
      "antibot": false,
      "antiviewonce": false,
      "antispam": false,
      "antivirtex": false,
      "antimedia": false,
      "antiimage": false,
      "antivideo": false,
      "antiaudio": false,
      "antipoll": false,
      "antisticker": false,
      "antilocation": false,
      "antidocument": false,
      "anticontact": false,
      "antilink": false,
      "antipromotion": false,
      "antidelete": true,
      "ntnsfw": false
    },
    "923065302158@s.whatsapp.net": {
      "ntsfw": false,
      "welcome": false,
      "setinfo": false,
      "badword": false,
      "antiforeignnum": false,
      "antibot": false,
      "antiviewonce": false,
      "antispam": false,
      "antivirtex": false,
      "antimedia": false,
      "antiimage": false,
      "antivideo": false,
      "antiaudio": false,
      "antipoll": false,
      "antisticker": false,
      "antilocation": false,
      "antidocument": false,
      "anticontact": false,
      "antilink": false,
      "antipromotion": false,
      "antidelete": true,
      "ntnsfw": false
    },
    "923188726243@s.whatsapp.net": {
      "ntsfw": false,
      "welcome": false,
      "setinfo": false,
      "badword": false,
      "antiforeignnum": false,
      "antibot": false,
      "antiviewonce": false,
      "antispam": false,
      "antivirtex": false,
      "antimedia": false,
      "antiimage": false,
      "antivideo": false,
      "antiaudio": false,
      "antipoll": false,
      "antisticker": false,
      "antilocation": false,
      "antidocument": false,
      "anticontact": false,
      "antilink": false,
      "antipromotion": false,
      "antidelete": true,
      "ntnsfw": false
    },
    "120363302621348500@g.us": {
      "ntsfw": false,
      "welcome": false,
      "setinfo": false,
      "badword": false,
      "antiforeignnum": false,
      "antibot": false,
      "antiviewonce": false,
      "antispam": false,
      "antivirtex": false,
      "antimedia": false,
      "antiimage": false,
      "antivideo": false,
      "antiaudio": false,
      "antipoll": false,
      "antisticker": false,
      "antilocation": false,
      "antidocument": false,
      "anticontact": false,
      "antilink": false,
      "antipromotion": false,
      "antidelete": true,
      "ntnsfw": false
    },
    "916009962101@s.whatsapp.net": {
      "ntsfw": false,
      "welcome": false,
      "setinfo": false,
      "badword": false,
      "antiforeignnum": false,
      "antibot": false,
      "antiviewonce": false,
      "antispam": false,
      "antivirtex": false,
      "antimedia": false,
      "antiimage": false,
      "antivideo": false,
      "antiaudio": false,
      "antipoll": false,
      "antisticker": false,
      "antilocation": false,
      "antidocument": false,
      "anticontact": false,
      "antilink": false,
      "antipromotion": false,
      "antidelete": true
    },
    "918413996304@s.whatsapp.net": {
      "ntsfw": false,
      "welcome": false,
      "setinfo": false,
      "badword": false,
      "antiforeignnum": false,
      "antibot": false,
      "antiviewonce": false,
      "antispam": false,
      "antivirtex": false,
      "antimedia": false,
      "antiimage": false,
      "antivideo": false,
      "antiaudio": false,
      "antipoll": false,
      "antisticker": false,
      "antilocation": false,
      "antidocument": false,
      "anticontact": false,
      "antilink": false,
      "antipromotion": false,
      "antidelete": true
    },
    "923423640340@s.whatsapp.net": {
      "ntsfw": false,
      "welcome": false,
      "setinfo": false,
      "badword": false,
      "antiforeignnum": false,
      "antibot": false,
      "antiviewonce": false,
      "antispam": false,
      "antivirtex": false,
      "antimedia": false,
      "antiimage": false,
      "antivideo": false,
      "antiaudio": false,
      "antipoll": false,
      "antisticker": false,
      "antilocation": false,
      "antidocument": false,
      "anticontact": false,
      "antilink": false,
      "antipromotion": false,
      "antidelete": true
    },
    "120363320184087064@g.us": {
      "ntsfw": false,
      "welcome": true,
      "setinfo": false,
      "badword": false,
      "antiforeignnum": false,
      "antibot": false,
      "antiviewonce": false,
      "antispam": false,
      "antivirtex": false,
      "antimedia": false,
      "antiimage": false,
      "antivideo": false,
      "antiaudio": false,
      "antipoll": false,
      "antisticker": false,
      "antilocation": false,
      "antidocument": false,
      "anticontact": false,
      "antilink": false,
      "antipromotion": false,
      "antidelete": true
    },
    "923236132603@s.whatsapp.net": {
      "ntsfw": false,
      "welcome": false,
      "setinfo": false,
      "badword": false,
      "antiforeignnum": false,
      "antibot": false,
      "antiviewonce": false,
      "antispam": false,
      "antivirtex": false,
      "antimedia": false,
      "antiimage": false,
      "antivideo": false,
      "antiaudio": false,
      "antipoll": false,
      "antisticker": false,
      "antilocation": false,
      "antidocument": false,
      "anticontact": false,
      "antilink": false,
      "antipromotion": false,
      "antidelete": true
    },
    "923437569044@s.whatsapp.net": {
      "ntsfw": false,
      "welcome": false,
      "setinfo": false,
      "badword": false,
      "antiforeignnum": false,
      "antibot": false,
      "antiviewonce": false,
      "antispam": false,
      "antivirtex": false,
      "antimedia": false,
      "antiimage": false,
      "antivideo": false,
      "antiaudio": false,
      "antipoll": false,
      "antisticker": false,
      "antilocation": false,
      "antidocument": false,
      "anticontact": false,
      "antilink": false,
      "antipromotion": false,
      "antidelete": true
    },
    "916909137213@s.whatsapp.net": {
      "ntsfw": false,
      "welcome": false,
      "setinfo": false,
      "badword": false,
      "antiforeignnum": false,
      "antibot": false,
      "antiviewonce": false,
      "antispam": false,
      "antivirtex": false,
      "antimedia": false,
      "antiimage": false,
      "antivideo": false,
      "antiaudio": false,
      "antipoll": false,
      "antisticker": false,
      "antilocation": false,
      "antidocument": false,
      "anticontact": false,
      "antilink": false,
      "antipromotion": false,
      "antidelete": true,
      "ntnsfw": false
    },
    "120363294423959198@g.us": {
      "ntsfw": false,
      "welcome": false,
      "setinfo": false,
      "badword": false,
      "antiforeignnum": false,
      "antibot": false,
      "antiviewonce": false,
      "antispam": false,
      "antivirtex": false,
      "antimedia": false,
      "antiimage": false,
      "antivideo": false,
      "antiaudio": false,
      "antipoll": false,
      "antisticker": false,
      "antilocation": false,
      "antidocument": false,
      "anticontact": false,
      "antilink": false,
      "antipromotion": false,
      "antidelete": true,
      "ntnsfw": false
    },
    "120363162816377377@g.us": {
      "ntsfw": false,
      "welcome": false,
      "setinfo": false,
      "badword": false,
      "antiforeignnum": false,
      "antibot": false,
      "antiviewonce": false,
      "antispam": false,
      "antivirtex": false,
      "antimedia": false,
      "antiimage": false,
      "antivideo": false,
      "antiaudio": false,
      "antipoll": false,
      "antisticker": false,
      "antilocation": false,
      "antidocument": false,
      "anticontact": false,
      "antilink": false,
      "antipromotion": false,
      "antidelete": true,
      "ntnsfw": false
    },
    "6283865902195@s.whatsapp.net": {
      "ntsfw": false,
      "welcome": false,
      "setinfo": false,
      "badword": false,
      "antiforeignnum": false,
      "antibot": false,
      "antiviewonce": false,
      "antispam": false,
      "antivirtex": false,
      "antimedia": false,
      "antiimage": false,
      "antivideo": false,
      "antiaudio": false,
      "antipoll": false,
      "antisticker": false,
      "antilocation": false,
      "antidocument": false,
      "anticontact": false,
      "antilink": false,
      "antipromotion": false,
      "antidelete": true,
      "ntnsfw": false
    }
  },
  "database": {},
  "settings": {
    "919485490229@s.whatsapp.net": {
      "anticall": false,
      "antiswview": false,
      "totalhit": 0,
      "totalError": 0,
      "online": false,
      "autosticker": false,
      "autodownload": true,
      "autobio": false,
      "autoread": false,
      "autoblocknum": false,
      "onlyindia": false,
      "onlyindo": false,
      "onlygrub": false,
      "onlypc": false,
      "autorecordtype": false,
      "autorecord": false,
      "autotype": false
    },
    "919402104403@s.whatsapp.net": {
      "anticall": false,
      "antiswview": false,
      "totalhit": 0,
      "totalError": 0,
      "online": false,
      "autosticker": false,
      "autodownload": false,
      "autobio": false,
      "autoread": false,
      "autoblocknum": false,
      "onlyindia": false,
      "onlyindo": false,
      "onlygrub": false,
      "onlypc": false,
      "autorecordtype": false,
      "autorecord": true,
      "autotype": false,
      "multiprefix": false
    },
    "919366316018@s.whatsapp.net": {
      "anticall": false,
      "antiswview": false,
      "totalhit": 0,
      "totalError": 0,
      "online": false,
      "autosticker": false,
      "autodownload": false,
      "autobio": false,
      "autoread": false,
      "autoblocknum": false,
      "onlyindia": false,
      "onlyindo": false,
      "onlygrub": false,
      "onlypc": false,
      "autorecordtype": false,
      "autorecord": false,
      "autotype": false
    },
    "916909137213@s.whatsapp.net": {
      "anticall": false,
      "antiswview": false,
      "totalhit": 0,
      "totalError": 0,
      "online": false,
      "autosticker": false,
      "autodownload": false,
      "autobio": false,
      "autoread": false,
      "autoblocknum": false,
      "onlyindia": false,
      "onlyindo": false,
      "onlygrub": false,
      "onlypc": false,
      "autorecordtype": false,
      "autorecord": false,
      "autotype": false
    }
  },
  "others": {
    "vote": []
  }
}